drop database if exists pizzaria;

create database if not exists pizzaria;

use pizzaria;

CREATE TABLE Clientes (
	id INt not null AUTO_INCREMENT primary key,
	telefone VARCHAR(14),
	nome VARCHAR(30),
	logradouro VARCHAR(30),
	numero DECIMAL(5,0),
	complemento VARCHAR(30),
	bairro VARCHAR(30),
	referencia VARCHAR(30)
 );

 CREATE TABLE pizzas (
    id INTEGER not null AUTO_INCREMENT primary key,
    nome VARCHAR(30),
    descricao VARCHAR(30),
    valor DECIMAL(15 , 2 )
 );
 
 CREATE TABLE pedidos (
    id INTEGER AUTO_INCREMENT primary key,
    cliente_id INTEGER,
    data DATETIME,
    valor DECIMAL(15 , 2 )
 );
 
 alter table pedidos add FOREIGN KEY (cliente_id) REFERENCES Clientes (id);
 
 
 CREATE TABLE itens_pedido (
    pedido_id INTEGER,
    pizza_id INTEGER,
    quantidade int,
    valor DECIMAL(15 , 2 ),
    FOREIGN KEY (pizza_id)
        REFERENCES Pizzas (id),
    FOREIGN KEY (pedido_id)
        REFERENCES Pedidos (id)
 );
 


INSERT INTO clientes (telefone, nome, logradouro, numero, complemento, bairro, referencia) VALUES ('(11) 1111-1111', 'Alexandre Santos', 'Rua das Palmeiras', 111, NULL, 'Bela Vista', 'Em frente a escola');
INSERT INTO clientes (telefone, nome, logradouro, numero, complemento, bairro, referencia) VALUES ('(22) 2222-2222','Bruna Dantas', 'Rua das Rosas',222,NULL,'Cantareira',NULL);
INSERT INTO clientes (telefone, nome, logradouro, numero, complemento, bairro, referencia) VALUES ('(33) 3333-3333','Bruno Vieira', 'Rua das Avencas',333,NULL,'Bela Vista',NULL);
INSERT INTO clientes (telefone, nome, logradouro, numero, complemento, bairro, referencia) VALUES ('(44) 4444-4444','Giulia Silva', 'Rua dos Cravos',444,NULL,'Cantareira','Esquina do mercado');
INSERT INTO clientes (telefone, nome, logradouro, numero, complemento, bairro, referencia) VALUES ('(55) 5555-5555','José Silva', 'Rua das Acácias',555,NULL,'Bela Vista',NULL);
INSERT INTO clientes (telefone, nome, logradouro, numero, complemento, bairro, referencia) VALUES ('(66) 6666-6666','Laura Madureira','Rua das Gardências',666,NULL,'Cantareira',NULL);

-- select * from cliente c 

INSERT INTO pizzas (nome, valor) VALUES ('Portuguesa', 15),
('Provolone', 17),
('4 Queijos', 20),
('Calabresa', 17);
INSERT INTO pizzas (nome) VALUES ('Escarola');


alter table pizzas modify valor decimal(15,2) default 99;

INSERT INTO pizzas (nome) VALUES ('Moda da Casa');

INSERT INTO pedidos (id, cliente_id, data, valor) VALUES (1, 1, '2016-12-15 20:30:00', 32.00);
INSERT INTO pedidos (id, cliente_id, data, valor) VALUES (2, 2, '2016-12-15 20:38:00', 40.00);
INSERT INTO pedidos (id, cliente_id, data, valor) VALUES (3, 3, '2016-12-15 20:59:00', 22.00);
INSERT INTO pedidos (id, cliente_id, data, valor) VALUES (4, 1, '2016-12-17 22:00:00', 42.00);
INSERT INTO pedidos (id, cliente_id, data, valor) VALUES (5, 2, '2016-12-18 19:00:00', 45.00);
INSERT INTO pedidos (id, cliente_id, data, valor) VALUES (6, 3, '2016-12-18 21:12:00', 44.00);
INSERT INTO pedidos (id, cliente_id, data, valor) VALUES (7, 4, '2016-12-19 22:22:00', 72.00);
INSERT INTO pedidos (id, cliente_id, data, valor) VALUES (8, 6, '2016-12-19 22:26:00', 34.0);


INSERT INTO itens_pedido (pedido_id, pizza_id, quantidade, valor) VALUES (1, 1, 1, 15.00),
(1, 4, 1, 17.00),
(2, 3, 2, 40.00),
(3, 5, 1, 22.00),
(4, 3, 1, 20.00),
(4, 5, 1, 22.00),
(5, 1, 3, 45.00),
(6, 5, 2, 44.00),
(7, 1, 2, 30.00),
(7, 3, 1, 20.00),
(7, 5, 1, 22.00),
(8, 4, 2, 34.00);

-- A sequencia das colunas podem ser alteradas
select valor, id, nome from pizzas;

-- Nome da coluna exibido na resposta do comando pode ser alterada com a cláusula as
select id as codigo, nome, valor as 'Valor R$' from pizzas; 

-- Operações aritiméticas
select 10 + 3, 10 - 3, 10 / 3, 10 * 3;
select 10 + 3 as 'Soma', 10 - 3 as 'Subtração', 10 / 3 as 'Divisão', 10 * 3 as 'Multiplicação';


select * , (valor/100)*10 + valor as '+10%' from pizzas;

alter table pizzas add column custo decimal(15,2);

update pizzas set custo = valor * 0.60;

-- condição de where

-- selecionar todas as pizzas com valor superior a R$17,00.
select * from  pizzas where valor > 17;

-- selecionar todas as pizzas com valor igual ou superior a R$17,00:
select * from pizzas where valor>=17;

-- selecionar todas as pizzas com o valor inferior a R$17,00:
select * from pizzas where valor <17;

-- selecionar todas as pizzas com o valor igual a R$17,00:
select * from pizzas where valor = 17;

-- selecionar todas as pizzas com o valor diferente de R$17,00:
select * from pizzas where valor !=17;
select * from pizzas where valor <>17;

-- Selecionar todas as pizzas com a coluna valor nula:
select * from pizzas where valor<=>null;
select * from pizzas where valor is null;

-- para criar uma expressão logica, utilizam-se os operadores logicos
-- E (AND ou &&), ou (OR ou ||) e não (NOT ou !)
-- selecionar todas as pizzas com valores entre R$15,00 e R $20,00:
select * from pizzas where valor > 15 and valor <20;
select * from pizzas where valor between 16 and 109;

-- selecionar todas as pizzas com valores menores ou maiores de que R$ 17,00:
select * from pizzas where valor < 17 or valor >17;

-- selecionar todas as pizzas com valores não menores ou maiores do que R$17,00:
select * from pizzas where not (valor < 17 or valor >17);

-- selecionar todas as pizzas com os valores na faixa de R 17,00 e R$20,00:
select * from pizzas where valor >= 17 and valor <=20;
select * from pizzas where valor between 17 and 20;

-- selecionar todas as pizzas com valres fora da faixa entre R$17,00 e R$20,00:7
select * from pizzas where valor < 17 or valor > 20;
select * from pizzas where valor not between 17 and 20;
select * from pizzas where not (valor >=17 and valor <=20);

-- selecionar todas as pizzas com valores iguais a R$15,00 e R$ 20,00:
select * from pizzas where valor = 15 or valor = 20;
select * from pizzas where valor in (15,20);

-- selecionar todas as pizzas com valores diferentes de R$15,00 e R$20,00:
select * from pizzas where valor != 15 and valor != 20;
select * from pizzas where valor not in (15,20);

-- selecinar todas as pizzas com valres não nulos:
select * from pizzas where valor is not null;

-- selecionar todas as pizzas com nomes que comecem com a letra E:
select * from pizzas where nome like 'e%';

-- selecionar todas as pizzas com nomes que terminam com a letra a:

select * from pizzas where nome like '%a';

-- selecionar todas as pizzas com nomes que tenhas as letras "esa:
select * from pizzas where nome like '%esa%';

-- Cláusula ORDER BY 

-- order by <coluna 1> [asc/desc], <coluna n> [asc/desc];
-- listar todas as colunas da tabela pizza em ordem alfabetica

select * from pizzas order by nome asc;

-- listar todas as colunas da tabela pizza em ordem decrescente;
select * from pizzas order by nome desc;

-- listar o nome e o valor das pizzas em ordem decrescente de valor 

select * from pizzas order by valor desc, nome asc;


/* restrigir o número de linhas pelo comando select*/

select * from pizzas  order by valor desc  limit 3;

select * from pizzas limit 2;


-- dessa maneira ele vai fazer primeiro a coluna valor;
select valor,nome from pizzas order by 2;


-- valor destintos 
select distinct valor from pizzas order by valor;




